Year;Party;Province ;Votes
1999;ANC;Eastern Cape;1617329
2004;ANC;Eastern Cape;10880915
2009;ANC;Eastern Cape;11650748
2014;ANC;Eastern Cape;1587338
1999;DA;Eastern Cape;1793696
2004;DA;Eastern Cape;2503296
2009;DA;Eastern Cape;3692745
2014;DA;Eastern Cape;1352612
1999;ANC;Free State;887091
2004;ANC;Free State;1806221
2009;ANC;Free State;1609926
2014;ANC;Free State;721126
1999;DA;Free State;270474
2004;DA;Free State;464286
2009;DA;Free State;566917
2014;DA;Free State;583123
1999;ANC;Gauteng;2524050
2004;ANC;Gauteng;838583
2009;ANC;Gauteng;756287
2014;ANC;Gauteng;2522012
1999;DA;Gauteng;513900
2004;DA;Gauteng;1236840
2009;DA;Gauteng;1336805
2014;DA;Gauteng;2781382
1999;ANC;KwaZulu-Natal;1176926
2004;ANC;KwaZulu-Natal;2408821
2009;ANC;KwaZulu-Natal;2814277
2014;ANC;KwaZulu-Natal;2530827
1999;DA;KwaZulu-Natal;1140894
2004;DA;KwaZulu-Natal;1767056
2009;DA;KwaZulu-Natal;1872194
2014;DA;KwaZulu-Natal;1759759
1999;ANC;Limpopo;1483199
2004;ANC;Limpopo;1312767
2009;ANC;Limpopo;2256248
2014;ANC;Limpopo;1202905
1999;DA;Limpopo;475655
2004;DA;Limpopo;806745
2009;DA;Limpopo;1072955
2014;DA;Limpopo;1015673
1999;ANC;Mpumalanga;965886
2004;ANC;Mpumalanga;1487168
2009;ANC;Mpumalanga;1319659
2014;ANC;Mpumalanga;1091642
1999;DA;Mpumalanga;173382
2004;DA;Mpumalanga;371613
2009;DA;Mpumalanga;410870
2014;DA;Mpumalanga;614585
1999;ANC;North West;1052895
2004;ANC;North West;979155
2009;ANC;North West;1152698
2014;ANC;North West;763804
1999;DA;North West;276258
2004;DA;North West;507081
2009;DA;North West;552985
2014;DA;North West;684560
1999;ANC;Northern Cape;211206
2004;ANC;Northern Cape;1083254
2009;ANC;Northern Cape;822166
2014;ANC;Northern Cape;278540
1999;DA;Northern Cape;97888
2004;DA;Northern Cape;182834
2009;DA;Northern Cape;237248
2014;DA;Northern Cape;266897
1999;ANC;Western Cape;682748
2004;ANC;Western Cape;222205
2009;ANC;Western Cape;253264
2014;ANC;Western Cape;737219
1999;DA;Western Cape;281049
2004;DA;Western Cape;652796
2009;DA;Western Cape;661075
2014;DA;Western Cape;2014610
